geocode	commune	pop_natio_dens_2015	pop_natio_part_etr_2015	pop_natio_part_natifs_2010	pop_natio_pop_31_12_2015	pop_age_taux_dep_2015	pop_age_ind_fecond_2015	pop_evol_taux_1950_2000	pop_evol_taux_2000_2010	pop_mouv_tx_natur_2010	envir_tx_dechet_2010	agricult_part_sau_2010	loge_vac_tx_vac_2015	transports_tx_vehic_2014	sante_divers_tx_hospit_2014	infraction_tx_code_2015
5401	Aigle	595	39	26.2	9757	64.6	0.52	1.15	1.89	3.71	500	40	0.77	505	174	88.7
5402	Bex	74.9	30.8	8.1	7236	69.8	0.64	0.3	1.43	3.62	497	10.6	0.8	516	174	69.8
5403	Chessel	111	15.7	1.7	396	61	0.54	0.91	0.98	0	454	64	3.31	630	180	41.3
5404	Corbeyrier	19.7	9.9	4.9	433	88.3	0.56	0.48	1.83	0	529	3.9	0	570	131	16.6
5405	Gryon	83.1	31.1	5.5	1265	70.3	0.52	0.72	1.33	4.06	711	4.9	4.1	645	163	57.6
5406	Lavey-Morcles	63.9	17.3	2.2	907	63.4	0.64	-0.17	0.86	3.94	560	6.3	1.15	530	147	76.4
5407	Leysin	223	60.4	1.1	4148	59	0.37	-1.29	3.12	0.85	632	19.9	3.06	337	111	53.3
5408	Noville	99.4	26.2	4.7	1029	64.9	0.79	0.66	0.88	1.01	663	38.9	3.46	586	111	122
5409	Ollon	125	36.2	3.9	7419	80.4	0.5	0.78	1.2	1.33	703	21.6	1.71	598	109	53.5
5410	Ormont-Dessous	17.5	14.9	5.2	1119	64.1	0.57	-0.58	0.65	0	691	14.6	0	585	158	42.9
5411	Ormont-Dessus	24	25.5	5.5	1481	72.8	0.51	0.62	0.68	0.94	1013	9	1.1	651	149	42.4
5412	Rennaz	385	31.9	0.6	843	54.4	0.64	1.84	1.8	1.19	408	62.4	2.51	589	124	152
5413	Roche	234	30.7	4	1507	65.8	0.69	0.35	1.35	2.14	624	44.6	7.62	580	168	57.9
5414	Villeneuve	169	38.7	2.3	5428	65.3	0.57	1.42	1.83	2.15	517	2.8	0.83	504	156	77.4
5415	Yvorne	84.6	15.2	4	1032	55.7	0.42	0.45	0.28	1.47	525	42.9	3.25	628	144	116
5421	Apples	105	16.4	1.4	1363	78.2	0.82	1.33	1.08	3.19	487	40.6	1.74	591	155	25.4
5422	Aubonne	344	32.3	7.5	3227	62.2	0.53	0.8	1.1	0.43	591	53.6	0.41	651	116	99.5
5423	Ballens	60	19.3	3.9	509	66.3	0.47	-0.27	2.4	0	378	57.2	0.92	588	94	17.8
5424	Berolle	30.4	13	2.8	292	57.8	0.3	0.35	2.94	0	445	34.2	0.82	603	80	20.1
5425	Bière	62	24.9	4.7	1550	67.4	0.54	0.26	0.87	8.3	404	32.8	1.82	571	162	17.6
5426	Bougy-Villars	272	32.4	1.6	481	72.4	0.63	0.7	1.79	4.17	455	26	2.18	750	163	58.3
5427	Féchy	319	29	1.7	860	67.6	0.63	1.21	2.02	0.98	387	64.5	2.98	676	99	56.9
5428	Gimel	101	23.8	2.4	1907	66.7	0.54	0.57	2.65	4.91	536	29.9	0.12	602	185	38
5429	Longirod	49	18.1	1.7	463	61.3	0.76	0.71	1.91	0	463	39.2	9.43	655	0	43.3
5430	Marchissy	37.4	15	3.1	448	58.9	0.73	0.72	2.47	2	458	25.2	1.5	615	0	33.7
5431	Mollens	26.7	12.2	1.4	294	64.2	0.57	-0.51	0.04	0	373	42.9	3.18	639	189	24.3
5432	Montherod	104	28.2	1.1	518	49.7	0.43	1.27	2.17	0.88	533	44.8	3.17	607	176	38.7
5434	Saint-George	77	22.9	1.5	949	67.7	0.59	2.22	3.99	2.45	449	14.5	2.75	625	0	38.7
5435	Saint-Livres	87.8	18.2	2.6	713	57.4	0.52	0.47	1.47	7.94	401	57.4	1.62	641	106	17.2
5436	Saint-Oyens	113	17.7	1.6	345	62	0.53	1.18	2.38	4.35	352	65.1	0	653	127	0
5437	Saubraz	106	19.9	3.4	391	67.1	0.61	-0.02	5.5	0	508	28.6	2.67	566	133	51
5451	Avenches	210	35.9	2.1	4090	60	0.55	0.64	1.49	3.26	703	48.1	1.02	588	102	106
5456	Cudrefin	95.8	13.8	2.9	1516	62.7	0.64	0.51	4.11	2.08	545	43.4	1.32	663	68	32.1
5458	Faoug	247	18.6	1.1	853	52.6	0.55	0.42	2.73	0	362	53.8	5.97	582	59	47.4
5464	Vully-les-Lacs	134	13.8	4.2	2825	64.2	0.57	0.29	1.54	4.62	551	81.3	0.23	661	94	46.9
5471	Bettens	149	16.2	3.2	557	51.4	0.74	1.07	1.37	0	337	90.1	0	601	0	24.6
5472	Bournens	95.6	22	1.4	373	81.1	0.69	0.77	1.24	0	447	66.2	1.33	635	124	33.3
5473	Boussens	304	15.4	1	958	57.3	0.75	3.06	1.6	4.44	417	66.9	0.28	630	126	25.4
5474	La Chaux (Cossonay)	62.4	13.5	1.2	421	64.5	0.6	0.16	1.84	0	388	73.9	0	827	71	19
5475	Chavannes-le-Veyron	45.6	12.5	1.6	120	48.1	0.92	0.48	-0.49	0	373	86.8	0	646	0	78.7
5476	Chevilly	73.9	10.8	2	286	59.8	0.79	0.48	1.54	0	364	63.9	9.17	659	72	4
5477	Cossonay	439	23.7	1	3642	60	0.62	1.42	2.97	0.97	434	59.2	1.38	551	132	46.7
5478	Cottens	200	11.4	1.1	473	70.1	0.49	1.28	2.56	3.08	399	154	0	676	122	29.5
5479	Cuarnens	61.5	12.3	4.4	439	53.5	0.57	0.2	-0.49	2.5	469	79.8	1.65	635	0	13.8
5480	Daillens	170	20	2.1	940	54.9	0.72	0.66	4.13	1.64	395	80.9	1.02	657	119	46.8
5481	Dizy	72.7	11.3	2.3	221	57.9	0.76	0.36	3.14	0	430	75.4	3.33	621	0	22.5
5482	Eclépens	179	27.4	1.4	1039	58.4	0.55	1.54	0.83	1.32	335	78.1	0	664	140	52.3
5483	Ferreyres	99.4	6.7	0.7	313	62.2	1.33	0.82	2.79	6.25	321	59.5	0.82	570	82	36.5
5484	Gollion	158	16.1	2.1	857	53.6	0.64	0.74	1.17	6.33	518	84	1.68	645	142	23.4
5485	Grancy	69.6	15.4	2.4	396	59.7	0.33	0.38	1.62	0	437	56.2	0	714	153	12.9
5486	L'Isle	63.7	12.4	4.8	1032	62	0.65	0.33	1.13	1.92	640	41.3	0	689	309	30.9
5487	Lussery-Villars	113	21	2.9	423	42.9	0.52	0.74	0.68	0	446	85.4	0	696	177	17.2
5488	Mauraz	98	0	5.6	49	63.3	ND	0.14	2.07	16.7	356	170	0	674	0	40.8
5489	Mex	240	26.8	0.6	678	55.9	0.37	2.07	2.24	1.35	585	39.9	0.96	760	135	63.4
5490	Moiry	43.5	7.6	2.3	290	64.8	0.7	0.39	2.35	4	444	36.7	0	620	0	7.6
5491	Mont-la-Ville	19.3	11.3	5.8	382	78.5	0.45	-0.14	0.54	0	341	16.8	0	605	0	77.7
5492	Montricher	37	14.2	5.9	961	64.8	0.57	0.23	1.52	1.37	597	25.1	0.74	653	133	19.3
5493	Orny	67.4	17.9	2.5	375	60.9	0.69	0.1	1.41	0	328	80.3	0	621	137	32.8
5494	Pampigny	101	15	3.2	1124	60.1	0.71	0.9	1.79	0.9	446	54.7	0	605	120	21.8
5495	Penthalaz	838	26.8	0.3	3241	60.6	0.57	1.85	2.53	4.55	534	54	0.57	579	140	54.9
5496	Penthaz	432	22.6	0.3	1653	65.8	0.58	3.25	2.31	1.86	468	44.7	0	648	105	25.9
5497	Pompaples	187	25.5	18.7	834	67.5	0.57	0.77	0.79	1.85	349	57.2	0	563	158	42.9
5498	La Sarraz	332	28.3	1	2559	57.5	0.5	1.03	2.53	0.69	489	26.7	0.18	555	127	48.6
5499	Senarclens	114	13.1	1.8	451	81.1	0.62	1.28	1.44	6.25	494	117	0	655	0	34
5500	Sévery	97.1	10.8	2.7	231	60.4	0.71	0.67	1.34	0	399	76.9	6.19	610	65	17.9
5501	Sullens	236	14.1	1.8	925	67	0.74	2.17	0.49	0	411	59	0.78	676	117	60.6
5503	Vufflens-la-Ville	226	15.8	0.8	1216	66.8	0.52	2.22	1.36	0.72	442	46.2	0	649	117	63.5
5511	Assens	193	12.9	6.5	1031	69.3	0.8	1.17	1.9	1.01	455	90.7	0	630	225	47.9
5512	Bercher	270	18.6	1.6	1148	70.3	0.82	1.47	2.68	0.59	459	45	0.43	629	150	24.5
5513	Bioley-Orjulaz	151	17.8	1.1	471	48.6	0.79	0.98	4.49	0	317	61.4	0	1063	0	24
5514	Bottens	177	15.7	4.2	1220	59.1	0.8	1.66	2.04	1.8	405	67.1	0	614	0	28.2
5515	Bretigny-sur-Morrens	279	15.3	0.7	797	57.2	0.49	2.17	2.54	14.1	438	40.1	1.2	624	0	25.6
5516	Cugy	950	24.5	0.4	2755	68.1	0.65	3.81	1.37	1.17	520	51.7	0.18	627	140	34.5
5518	Echallens	842	20.5	1.5	5606	63.6	0.52	2.42	1.89	3.83	398	65.8	0	561	244	46.7
5520	Essertines-sur-Yverdon	96.9	12	2	945	68.4	0.64	0.16	2.6	1.2	323	67.1	0.26	669	173	25.3
5521	Etagnières	302	23	3	1146	60.5	0.63	2.32	1.97	1.94	510	81.6	1.11	629	113	40.7
5522	Fey	86.4	9.9	7.1	635	64.5	0.67	0.23	2.6	5.63	354	54.3	0	624	150	28.8
5523	Froideville	342	16.9	1.6	2422	63.2	0.65	3.33	1.84	0	444	44.2	0.66	597	120	26.8
5527	Morrens	288	13.3	1.1	1055	73.2	0.58	2.66	1.04	0	544	47.4	0.23	609	124	36
5529	Oulens-sous-Echallens	90.8	10.9	2.7	532	59.3	0.49	0.55	1.7	0	484	63.8	0	775	146	28.2
5530	Pailly	92.4	11.4	3.9	533	63.5	0.45	0.21	2.28	0	445	73.8	0.96	609	115	19.2
5531	Penthéréaz	68.5	5.7	5.3	389	62.1	0.63	0.6	0.37	0	403	66.2	0	651	92	28.5
5533	Poliez-Pittet	163	12.8	6.3	815	61.4	0.6	1.09	2.31	0	413	62.2	0	647	0	17.4
5534	Rueyres	131	10.9	4.5	265	74.3	0.68	0.16	1.96	0	335	112	0.98	563	102	26.8
5535	Saint-Barthélemy	190	10.7	5.7	782	53.3	0.61	1.37	1.99	1.43	366	77.4	0	652	0	23.2
5537	Villars-le-Terroir	146	11.1	10.6	1033	64.2	0.62	0.37	1.74	0	456	88.5	0	616	0	31.8
5539	Vuarrens	104	14	2.8	935	69.4	0.75	0.47	3.6	0	356	64.4	0	569	121	8.6
5540	Montilliez	140	14	2.2	1656	62.7	0.63	0.72	2.7	1.86	450	72.2	0	618	26	37.4
5541	Goumoëns	98.7	10.8	2.9	1055	71.5	0.82	0.67	1.91	0	408	65.5	0	632	170	25
5551	Bonvillars	67.1	9.7	3	506	67.5	0.55	0	3.53	0	212	35.3	0.88	634	127	15.7
5552	Bullet	36	5.6	6.9	606	79.8	0.67	-0.27	0.71	0	257	23.3	0.64	675	233	73.8
5553	Champagne	267	14.8	2.8	1048	60.7	0.62	0.61	2.23	0.96	372	61.2	1.68	610	110	14
5554	Concise	83.7	15.6	0.8	954	66.2	0.49	0.01	1.26	5.32	206	22.7	1.03	589	175	34.3
5555	Corcelles-près-Concise	82.4	8	1.8	337	64.4	0.7	0.46	0.11	0	244	54.6	0	544	0	42.2
5556	Fiez	61.5	10.7	2.5	421	74.7	0.65	0.49	1.63	2	300	25.6	0	635	80	21.8
5557	Fontaines-sur-Grandson	24.3	16.2	4.1	191	64.7	0.55	-0.2	1.01	18.8	341	27.6	0	661	272	21.9
5559	Giez	81.6	12.1	2.9	389	67.7	0.39	1	0.03	3.03	283	59.7	0.54	698	80	28.6
5560	Grandevent	67.2	15.1	1.4	232	66.9	0.86	1.4	3.89	5.56	395	17.6	0	690	0	26.5
5561	Grandson	420	18.6	1.6	3303	59.2	0.52	0.76	1.43	4.44	293	41.1	0	605	151	78.3
5562	Mauborget	21.6	20.2	2.1	119	77.6	ND	0.26	1.14	0	368	39.2	0	636	0	81.8
5563	Mutrux	47.7	5.9	8.3	153	73.9	0.67	0.1	0.78	14.3	384	37.2	3.23	584	0	20.3
5564	Novalles	49.5	5.9	2	102	75.9	1.1	0.42	-0.1	0	385	82.8	0	667	0	29.4
5565	Onnens	96.5	13.4	1.9	493	66	0.55	0.75	1.74	5.17	449	27.1	0	606	91	28
5566	Provence	12.1	9.6	10.3	385	61.1	0.48	-0.48	-0.09	6.25	329	20.6	3.92	689	178	26.5
5568	Sainte-Croix	121	18.2	24.4	4763	76.6	0.65	-0.94	0.86	2.11	391	34.4	1.68	499	223	64.2
5571	Tévenon	56.7	12.2	2.6	811	67.6	0.65	1.24	1.03	3.03	295	22.3	1.89	642	106	36.8
5581	Belmont-sur-Lausanne	1359	25.4	0.3	3602	63.4	0.64	3.59	3.54	1.7	510	41.5	0.46	606	109	34.4
5582	Cheseaux-sur-Lausanne	936	23.1	0.4	4297	55.5	0.52	4.06	3	1.56	418	70.4	0.17	620	117	44.2
5583	Crissier	1369	43.2	0.4	7542	58.6	0.51	2.19	1.45	1.94	487	20.1	0.54	656	136	99.3
5584	Epalinges	2010	29.7	0.3	9185	66.3	0.51	4.44	1.25	2.17	464	10.6	1.93	521	129	46.4
5585	Jouxtens-Mézery	728	21.5	0.4	1405	73.2	0.6	3.13	1.41	1.69	403	34.6	2.42	582	0	79.5
5586	Lausanne	3261	42.6	31.1	134937	52.9	0.38	0.12	1.04	2.16	496	12.6	0.14	389	151	129
5587	Le Mont-sur-Lausanne	740	25.3	0.6	7271	68.5	0.59	2.66	0.81	1.81	498	49.8	0.04	654	151	73.5
5588	Paudex	3094	33.7	0.4	1485	65.9	0.5	2.16	0.03	3.18	541	7.3	0.56	574	177	47.2
5589	Prilly	5380	41.4	0.5	11782	64.4	0.46	2.2	0.77	1.95	404	19.9	0.17	442	176	95.6
5590	Pully	3045	31.6	1.3	17811	74.8	0.49	1.63	0.75	1.73	423	40.4	0.4	510	151	43.4
5591	Renens	6879	51.2	0.6	20362	55.8	0.45	2.21	1.37	2.24	437	8.4	0.17	434	134	88
5592	Romanel-sur-Lausanne	1164	24.3	0.5	3351	61.2	0.49	4.67	0.63	2.23	429	26.1	0.33	669	146	61.7
5601	Chexbres	1036	22.7	2.9	2218	75.9	0.49	0.72	0.34	1.98	517	48	1.3	664	218	45.7
5604	Forel (Lavaux)	113	19.2	4.1	2085	60.4	0.51	1.19	1.23	3.82	468	58.9	0.22	643	107	47.8
5606	Lutry	1153	26.4	1	9739	73.4	0.55	2.1	1.25	1.14	559	22.2	0.57	589	142	55.3
5607	Puidoux	125	31.6	4.2	2858	54.3	0.55	1.09	1.33	4.34	517	60.3	0.15	584	120	56.6
5609	Rivaz	1161	19.4	3.1	360	72.2	0.64	-0.17	1.15	1.92	517	163	3.93	632	0	54
5610	St-Saphorin (Lavaux)	430	20.6	2.3	383	68	0.63	0.26	0.06	0	518	62.8	5.56	410	0	79.6
5611	Savigny	206	22.5	2.2	3304	65.4	0.59	2.31	1.09	2.7	613	55.6	0.13	676	133	54
5613	Bourg-en-Lavaux	544	21.8	2.1	5247	67.6	0.52	0.85	0.2	2.28	606	79	0	613	125	48
5621	Aclens	135	27.8	1.9	528	57.6	0.8	0.66	2.72	6.93	393	62.4	0	1013	125	54
5622	Bremblens	176	15.9	3	511	73.8	0.74	1.36	3.01	3.33	426	87.3	0.98	836	122	22.3
5623	Buchillon	293	23.9	0.2	624	73.3	0.39	1.93	0.08	1.68	671	24.1	0	739	153	81.3
5624	Bussigny-près-Lausanne	1704	36.8	0.3	8215	56.6	0.52	3.12	0.99	2.49	481	35.8	0.11	611	129	66.4
5625	Bussy-Chardonney	124	11.7	1.3	377	73.7	0.5	1.15	1.57	0	456	67	0.67	598	86	10.3
5627	Chavannes-près-Renens	4469	51.6	0.2	7374	54.8	0.48	3.19	2	2.47	387	0	0.06	397	128	71.2
5628	Chigny	368	26	0.6	331	57.6	0.34	1.74	2.32	0	307	82.9	1.46	561	0	51.2
5629	Clarmont	160	17.5	4.5	160	46.8	0.38	0.84	-0.36	0	597	231	3.53	671	79	6.5
5631	Denens	217	18.5	1.5	714	60.8	0.7	2.32	1.23	0	442	88.8	1	618	139	37.2
5632	Denges	995	28.8	1	1651	52.4	0.35	2.71	3.93	0.95	403	57.7	0.14	570	0	41.8
5633	Echandens	678	29	0.5	2631	67.4	0.47	2.95	0.61	1.72	494	47.5	0.1	667	205	62.9
5634	Echichens	195	16.1	2.2	2585	76	0.65	1.53	1.19	2.65	456	71.4	1.98	568	158	38.7
5635	Ecublens	2152	45.9	0.3	12288	56.1	0.48	4.15	1.32	2.31	379	35.6	0.17	488	125	78.7
5636	Etoy	597	32.5	0.6	2932	59.6	0.49	2.01	2.42	2.89	428	68.7	0.54	635	121	94.3
5637	Lavigny	245	25	0.7	981	60	0.68	0.77	1.65	3.18	286	53.2	0.28	604	130	33.3
5638	Lonay	684	22.6	1.1	2536	76.4	0.47	2.52	2.49	2.83	424	32.8	0	689	130	44.8
5639	Lully	371	15.5	1	760	72.3	0.67	2.42	1.69	2.9	384	56	2.24	567	134	58.9
5640	Lussy-sur-Morges	276	18.7	0.9	646	82	0.98	2.29	0.48	1.16	442	71.8	1.54	636	134	6.1
5642	Morges	4058	36	21.3	15623	63.5	0.43	1.5	0.52	2.31	531	29.8	0.21	510	154	87.6
5643	Préverenges	2830	32	0.4	5263	63.9	0.57	4.36	1.96	3.05	402	19.6	0.04	593	140	49.4
5644	Reverolle	305	16.7	1.7	360	57.9	0.57	1.74	1.04	0	452	138	0.74	730	142	50.6
5645	Romanel-sur-Morges	262	13.9	3	459	52	0.59	2.37	0.59	2.38	515	78.5	1.02	917	127	45.6
5646	Saint-Prex	1015	36.8	1.4	5604	61.4	0.55	1.98	2.27	1.73	543	49.6	0.49	611	125	54.1
5648	Saint-Sulpice	2096	44.6	0.2	3898	64.5	0.56	2.6	0.95	1.91	433	2.3	1.7	585	132	62
5649	Tolochenaz	1167	30.4	0.8	1855	58.8	0.53	3.19	0.3	4.79	442	10.4	0	647	135	104
5650	Vaux-sur-Morges	96.7	15.3	1.8	203	78.1	0.42	0.44	1.34	13.6	449	68.7	0	617	123	35.9
5651	Villars-Sainte-Croix	430	25	1	709	61.5	0.7	3.07	1.21	2.61	422	64.7	1.71	1009	127	68.2
5652	Villars-sous-Yens	186	14.7	2.6	564	57.5	0.56	1.67	0.38	5.19	394	87.2	0.84	633	88	21
5653	Vufflens-le-Château	384	18.8	1.9	821	74.7	0.68	2.18	2.08	1.3	420	37.3	1.29	562	167	36.4
5654	Vullierens	67.3	18	4.1	460	58.6	0.58	0.17	0.39	0	389	72.4	4.33	667	173	10.9
5655	Yens	148	25.6	2.6	1405	67.9	0.69	1.06	1.2	3.91	414	54.5	4.56	619	127	55
5661	Boulens	94.5	8.6	3.5	325	72	0.81	0.52	2.64	0	476	60.4	0.79	617	0	9.6
5662	Brenles	37.6	3.5	3.7	144	54.8	0.18	-0.11	0.12	0	331	66.7	4.48	674	364	0
5663	Bussy-sur-Moudon	64.1	11.6	5.8	198	66.4	0.44	0.09	-0.54	6.67	274	79.4	1.04	716	188	60.9
5665	Chavannes-sur-Moudon	43.6	5.4	6.2	224	88.2	0.87	-0.59	0.49	0	321	76.6	0	567	118	0
5666	Chesalles-sur-Moudon	101	5.9	4.2	169	56.5	0.29	1	0.12	11.1	472	85.3	0	650	0	31.4
5668	Cremin	35.2	24.1	3.8	58	61.1	ND	-0.51	-0.4	60	325	80.5	4.35	588	0	137
5669	Curtilles	62.8	12.2	2.9	311	60.3	0.67	0.02	0.71	0	364	55.8	6.29	647	144	29.2
5671	Dompierre	76.9	15.8	4.8	247	57.3	0.54	-0.18	0	0	378	84.8	0.88	696	0	8.1
5672	Forel-sur-Lucens	54.4	5.8	3.7	154	73	0.5	-0.3	1.66	0	299	105	1.52	601	138	0
5673	Hermenches	80.1	12.6	6.7	382	74.4	0.87	0.25	2.39	0	276	51.3	0.68	622	169	13.3
5674	Lovatens	43.5	4.6	7.1	151	75.6	0.7	-0.4	-0.63	0	393	83.4	0	679	0	28.6
5675	Lucens	417	39.8	3.6	3285	62.2	0.59	0.48	1.94	1.47	378	35.6	1.24	517	139	87.9
5678	Moudon	368	45.8	15.3	5770	60.9	0.55	1.06	1.38	1.71	321	43.4	0.59	502	153	77.7
5680	Ogens	83	11	3.8	283	62.6	0.5	0.04	1.65	0	376	67.7	0	720	140	19.2
5683	Prévonloup	93.5	13.4	3.6	172	75.5	0.25	-0.5	1.83	0	384	69	1.59	555	580	0
5684	Rossenges	60.7	10.8	1.8	65	75.7	ND	-0.39	1.12	0	384	122	0	698	0	15.9
5686	Sarzens	55.6	10	2.4	80	73.9	ND	-0.62	3.54	30	369	123	0	575	0	69
5688	Syens	55.2	25.2	3.2	139	69.5	0.71	-0.14	0.51	4.17	313	54.9	0	627	0	8.1
5690	Villars-le-Comte	35.8	7.3	4	150	66.7	0.5	-0.48	1.99	0	293	67.3	1.47	660	181	6.5
5692	Vucherens	166	13.3	2.6	543	60.2	0.72	0.88	1.88	6.06	546	67.2	0.84	667	152	18.7
5693	Montanaire	72.3	12.2	3.3	2421	63.9	0.57	0.1	1.43	4.04	359	71.1	1.3	652	122	28.4
5701	Arnex-sur-Nyon	102	23.6	0	208	71.9	0.86	0.44	2.45	0	356	61.7	3.49	711	0	35.7
5702	Arzier	48.3	27.7	0.8	2506	60.5	0.74	3.28	2.23	2.43	523	4.1	0	602	105	63.4
5703	Bassins	63.5	23.6	1.8	1320	64.4	0.65	1.92	3.4	1.63	550	17.5	0	566	76	24.9
5704	Begnins	377	26.6	2.2	1802	68.7	0.62	1.07	2.47	2.59	529	53.8	5.22	714	164	75.6
5705	Bogis-Bossey	339	32.5	0.1	830	73.3	0.65	3.76	1.44	0.41	541	80	0.3	687	0	52.2
5706	Borex	530	29.6	1.2	1049	64.4	0.8	3.15	-0.12	3.57	434	70	0	670	114	37.3
5707	Chavannes-de-Bogis	405	30.4	0.5	1155	65.7	0.75	4.07	-0.1	4.38	656	69.7	0.4	740	131	167
5708	Chavannes-des-Bois	377	35.3	0	807	68.8	0.7	4.2	2.51	1.46	588	33.8	0.92	619	66	32
5709	Chéserex	111	25	0.4	1174	61	0.51	2.86	1.62	4.38	421	23.7	0.74	714	101	50.7
5710	Coinsins	150	19.8	1	435	61.1	0.61	1.71	1.17	6.17	259	55.1	0	689	0	37.6
5711	Commugny	398	33.8	1	2591	79.1	0.58	3.92	0.76	2.79	658	54.1	0.56	695	77	37.1
5712	Coppet	1570	36.9	0.3	2936	73.2	0.76	2.58	2.84	2.27	599	0	0	673	96	90.2
5713	Crans-près-Céligny	473	28.1	1.1	2044	79.5	0.7	3.31	0.54	3.21	553	61.4	2.55	710	118	55.8
5714	Crassier	562	27.5	0.4	1141	70.8	0.63	1.92	4.49	4.93	438	60.7	0	676	98	53.9
5715	Duillier	243	21	0.7	998	65.2	0.62	2.52	1.92	0.93	503	41.2	0	649	117	29.4
5716	Eysins	617	30.4	1.1	1469	64.5	0.78	2.18	4.22	0.96	399	90.2	2.46	709	113	39.4
5717	Founex	704	40.1	0.3	3372	70.7	0.71	2.82	2.77	1.73	588	55.5	0	672	72	47.3
5718	Genolier	388	31.1	4.7	1890	74.8	0.66	3.37	2.02	2.73	444	39.3	0	671	118	32.5
5719	Gingins	95.7	26.3	1.1	1204	69.1	0.61	2.06	0.79	2.05	476	20.7	4.06	689	121	45.8
5720	Givrins	245	28.9	1.1	971	69.2	0.66	2.57	1.64	0.48	362	50.3	2.99	649	121	22.5
5721	Gland	1522	35.4	0.5	12663	54.4	0.56	4.28	1.88	2.4	413	36.3	1.03	592	125	69.6
5722	Grens	148	25.5	3.6	380	82.7	0.65	1.39	1.69	0	379	82	0.7	557	0	84.5
5723	Mies	515	33.2	0.2	1778	74.5	0.62	2.06	1.95	2.08	832	17.4	0	728	137	79.1
5724	Nyon	2925	39.7	19	19861	58	0.52	1.9	1.62	2.14	446	64.3	0.42	547	149	84.9
5725	Prangins	659	29	0.6	3976	67.1	0.63	2.42	2.34	1.2	435	48.4	0	618	112	53.9
5726	La Rippe	66.5	25	1.2	1104	60.5	0.81	2.06	1.04	3.36	407	26.9	0	673	102	24.9
5727	Saint-Cergue	99.1	32.8	0.5	2406	52.9	0.63	2.65	2.41	3.5	475	1.00E-05	1.39	620	122	102
5728	Signy-Avenex	249	25.6	1.8	481	76.2	0.73	2.1	1.11	4.35	376	85.9	0.94	849	222	95.4
5729	Tannay	796	30.9	0.2	1448	80.1	0.67	3.12	2.21	1.38	613	56	0.33	612	0	75.3
5730	Trélex	241	25.3	1	1394	74	0.93	2.58	2.13	1.63	398	46.4	0	781	83	36.5
5731	Le Vaud	400	18.1	0.9	1243	68.4	0.59	3.37	2.69	0	583	61.5	1.15	633	0	31.5
5732	Vich	565	29.7	0.4	882	55.3	0.69	2.11	0.71	9.09	441	14.9	1.42	780	185	132
5741	L'Abergement	43.4	6.8	1.6	251	79.3	0.85	0.45	0.37	0	328	28.8	2.86	628	190	8
5742	Agiez	56.3	16.6	7.1	308	61.3	0.65	-0.23	1.36	0	333	56.1	0	663	130	47.6
5743	Arnex-sur-Orbe	82.1	13.4	6.3	625	62.3	0.62	-0.03	1.03	6.12	376	89	1.45	564	155	37.3
5744	Ballaigues	118	15.1	4.6	1069	83.7	0.67	-0.12	0.56	8.43	406	42.4	1.03	574	159	22.1
5745	Baulmes	45.9	17	3.1	1034	61.1	0.48	-0.09	0.23	0	254	21.5	0	596	152	18.6
5746	Bavois	101	18.6	6.1	939	50	0.55	0.51	0.63	1.02	437	72.2	0.25	608	134	48.9
5747	Bofflens	44.3	3.7	3.9	187	57.1	0.67	-0.39	1.45	0	350	78	1.08	735	70	21.2
5748	Bretonnières	46.2	8.3	2.9	252	71.4	0.58	-0.13	0.84	0	390	56.5	0	568	103	16.9
5749	Chavornay	376	26.1	2.5	4156	56.6	0.57	1.39	2.53	1.38	343	84.6	0.18	572	127	49.5
5750	Les Clées	26.4	10.2	3	186	72.2	0.5	0.1	0.37	0	344	21	0	688	118	45.5
5751	Corcelles-sur-Chavornay	64.2	9.9	5	352	70.9	0.59	-0.22	0.42	0	413	50.7	0	627	201	48
5752	Croy	74.8	8.7	2.8	335	85.1	0.48	0.14	1.47	8.82	457	32.4	1.25	542	88	12.5
5754	Juriens	32.3	6.3	4.9	302	61.5	0.52	0.04	1.11	11.1	328	33.8	0	609	127	9.8
5755	Lignerolle	37	13.5	2.9	394	58.2	0.72	0.62	1.43	13.5	330	27.9	2.63	604	130	46
5756	Montcherand	155	10.1	2.8	474	57.5	0.58	0.83	0.74	0	347	96.8	1.54	588	134	29.7
5757	Orbe	563	31.6	9.6	6767	61.8	0.5	0.7	2.55	2.16	455	73.1	0.48	547	157	55
5758	La Praz	31.3	10.6	1.2	160	60	0.59	-0.14	2.96	0	436	40.2	0	712	0	38
5759	Premier	30.2	4.3	3.2	185	63.7	0.61	0.72	-0.81	0	390	39.8	0	665	165	22.1
5760	Rances	46.8	10.7	4.7	460	71	0.75	0.01	0.4	0	345	33.8	1.97	633	97	87.6
5761	Romainmôtier-Envy	75.3	15.6	4.4	525	59.1	0.5	0.2	1.3	1.59	450	18.5	0.74	520	107	24.7
5762	Sergey	98.6	9.7	0.7	144	60	0.39	0.29	2.66	0	247	49.7	0	669	0	0
5763	Valeyres-sous-Rances	94.2	18	6.7	600	58.3	0.74	0.36	0.29	0	334	79.7	0.83	628	112	32.5
5764	Vallorbe	157	28.1	5.6	3650	67.7	0.62	-0.54	0.69	1.74	403	19.4	0.44	521	185	60.6
5765	Vaulion	37.3	9.8	13	491	66.4	0.55	-0.88	0.22	0	421	21.8	1.09	663	139	22.8
5766	Vuiteboeuf	106	19.9	0.8	538	59.6	0.77	0.6	1.72	3.57	266	52.5	0.42	642	117	71.2
5782	Carrouge	222	19.4	2.5	1204	62.7	0.57	1.26	1.37	6.59	480	73.6	0.65	604	124	20.7
5785	Corcelles-le-Jorat	53.1	14.5	3.6	421	70.4	0.55	0.22	0.07	2.7	457	76.5	0.98	689	147	33.8
5788	Essertes	200	18.5	1.3	330	61.8	0.54	1.13	2.13	2.44	422	111	2.03	697	108	24.2
5789	Ferlens	155	6.5	3.3	336	62.3	0.48	1.06	2.21	0	444	86.3	4.32	676	111	15.1
5790	Maracon	101	10.6	4.4	444	62.6	0.61	0.71	0.99	2.78	491	51	1.01	649	111	4.5
5791	Mézières	349	15.3	1.9	1215	68	0.61	1.37	1.06	1.53	543	71.7	0.35	607	149	61.2
5792	Montpreveyres	153	20.9	0.4	628	60.6	0.42	0.84	3.89	1.05	544	25.6	0.4	548	101	18.4
5798	Ropraz	83.9	21	4.3	405	63.3	0.76	0.7	0.71	0	355	70.2	1.05	614	105	44
5799	Servion	301	17.3	0.3	1908	62.9	0.59	2.82	1.07	3.03	598	28.9	0.78	631	108	32.8
5803	Vulliens	69.7	12.3	4	462	57.7	0.63	0.47	-0.09	0	242	68.9	0.51	638	103	31.7
5804	Jorat-Menthue	86	15.6	2.3	1518	61.8	0.65	0.59	1.55	1.29	366	51.9	0	645	119	22.4
5805	Oron	215	20.4	3	5297	65.4	0.57	0.82	1.85	2.35	468	76	2.54	558	156	67.1
5812	Champtauroz	43.6	13.5	5	133	98.5	0.5	-0.78	1.31	14.3	353	73.5	0	562	88	14.6
5813	Chevroux	98.4	8.6	11.2	430	74.8	0.66	0.29	0.4	0	671	54.7	0	627	143	83.9
5816	Corcelles-près-Payerne	184	24.5	5.4	2229	66.7	0.57	0.56	1.51	2.61	437	120	1.26	588	124	37.8
5817	Grandcour	83.8	12.4	10.2	856	72.9	0.65	-0.04	0.56	0	405	74.1	1.83	597	158	15.1
5819	Henniez	130	25.7	3.6	339	68.7	0.45	-0.22	0.12	0	436	42.7	0.75	638	300	48.8
5821	Missy	113	14	8.6	350	67.5	0.69	-0.2	0.95	0	247	156	1.99	618	144	17.9
5822	Payerne	385	37.8	28.9	9302	67	0.56	0.51	1.77	1.82	413	54.1	0.43	553	153	83
5827	Trey	66.9	8.6	8.1	255	70	0.76	-0.78	1.33	0	415	116	1.77	577	107	26.5
5828	Treytorrens	40.4	3.2	8.8	124	74.6	0.5	-0.6	0.5	0	180	63.5	3.7	625	161	0
5830	Villarzel	54.2	11.6	5.5	415	71.5	0.81	-0.46	-0.56	4	147	60.2	2.94	603	154	12
5831	Valbroye	88.2	21.1	4.2	2960	65	0.65	0.12	0.48	2.14	382	73	1.23	605	124	34.4
5841	Château-d'Oex	30	25.1	32.4	3408	79.3	0.69	-0.2	0.58	1	658	17.6	1.58	562	191	27.4
5842	Rossinière	24.2	14.9	9.9	565	72.3	1.03	-0.45	0.44	0	435	15	0	538	119	16.2
5843	Rougemont	18.2	35.6	6.9	881	84.3	0.58	-0.04	-0.33	0	996	11.7	1.66	831	145	36
5851	Allaman	151	27.7	3.3	393	58.5	0.35	0.16	0.33	0	435	56.1	0.48	656	118	408
5852	Bursinel	270	27	0.8	477	65.6	0.59	0.8	4.12	0.61	505	76.9	1.88	809	291	29.7
5853	Bursins	229	22.9	2.2	772	71.6	0.73	0.9	3.45	0.67	430	48.2	0.57	700	120	102
5854	Burtigny	62	16.5	5.1	352	75.1	0.78	-0.01	1.04	8.57	387	61.9	3.13	666	0	35
5855	Dully	383	33.8	0	636	65.6	0.51	2.45	2.51	1.39	535	31.2	6.3	665	0	27.6
5856	Essertines-sur-Rolle	101	26.7	1.5	700	65.5	0.65	0.34	3.63	0.6	309	65.6	2.68	500	105	12.9
5857	Gilly	146	28.6	1.7	1131	57.1	0.63	0.77	1.95	0.87	454	44.3	5.85	560	110	48.1
5858	Luins	237	35.9	2.3	633	53.3	0.78	0.63	5.53	0	421	73.1	0	645	211	52.4
5859	Mont-sur-Rolle	674	29.9	1.4	2594	69.3	0.71	1.89	3.38	4	402	95.4	3.51	584	127	38.4
5860	Perroy	505	31.1	2.1	1464	69.1	0.59	1.46	1.77	1.61	355	72.3	0.88	630	142	53.1
5861	Rolle	2207	44.9	3.3	6047	72.7	0.58	0.84	3.4	1.62	528	43	0	649	134	70.9
5862	Tartegnin	211	23.9	1.8	230	64.3	0.45	0.56	2.02	0	531	96.1	0.88	746	0	92.1
5863	Vinzel	320	17.2	0.9	349	60.1	0.6	1.93	2.21	2.47	405	146	0	671	0	17.1
5871	L'Abbaye	44.6	14.2	4.6	1423	66.2	0.64	0.17	0.43	0.57	490	9.3	1.16	622	180	47.6
5872	Le Chenit	46.5	27.4	29.4	4614	74.4	0.55	-0.21	0.35	1.53	468	8.8	0	574	172	65.3
5873	Le Lieu	26.4	16.1	6.3	859	75.3	0.49	-0.48	0.87	2.78	459	13	1.1	584	137	39.5
5881	Blonay	381	24.1	1.8	6132	77.1	0.6	2.52	2.06	2.3	539	12.6	1.79	583	119	31.4
5882	Chardonne	280	24.1	1.8	2889	66.5	0.6	1.61	0.47	1.63	513	41.1	2.34	594	129	39.4
5883	Corseaux	2049	25.4	0.8	2172	77.6	0.44	1.07	0.26	1.01	547	31.6	1.69	657	169	49.3
5884	Corsier-sur-Vevey	508	34.1	1.3	3427	66.9	0.53	1.41	0.36	0.74	494	38	0.53	492	149	49.3
5885	Jongny	691	25.5	1.1	1493	75.9	0.59	2.79	1.09	1.76	567	66.9	1.89	599	135	23.1
5886	Montreux	788	47	7.7	26283	65.7	0.44	0.51	1.29	1.19	545	14.3	1.03	437	148	102
5888	St-Légier-La Chiésaz	334	24.9	0.8	5071	77.3	0.52	2.11	2.22	0.95	536	20.2	0.19	600	104	53.3
5889	La Tour-de-Peilz	3525	29.4	1.2	11421	73.9	0.49	1.4	0.62	2.28	479	25.9	0.32	465	152	72.6
5890	Vevey	8074	42.9	24.3	19217	54.8	0.44	0.14	1.72	2.43	542	4.7	0.59	397	168	118
5891	Veytaux	126	30.1	1.1	854	55.3	0.42	0.33	-0.16	2.15	583	0	5.49	544	0	243
5902	Belmont-sur-Yverdon	57	16.5	4.8	369	59.7	0.83	-0.19	1.66	0	253	62	4.17	628	171	22.3
5903	Bioley-Magnoux	47.1	4.5	7.8	201	68.9	0.86	-0.14	-0.47	0	419	53.8	0	694	0	15.3
5904	Chamblon	199	13.2	0.5	568	46	0.53	1.56	1.46	5.71	346	29.4	0	573	0	54.2
5905	Champvent	68.3	14.7	2.2	617	66.8	0.74	-0.06	2.38	0	265	79.9	0	600	116	20
5907	Chavannes-le-Chêne	69.8	5.4	10.3	278	68.5	0.5	-0.21	0.74	4.55	249	54.7	0	679	161	7.3
5908	Chêne-Pâquier	59	4	6.9	125	81.2	1	-0.7	1.09	0	696	59.7	0	614	0	7.6
5909	Cheseaux-Noréaz	110	12.5	0.5	664	80.4	0.52	3.28	1.62	1.82	408	28.5	0	569	0	46.8
5910	Cronay	55.2	7.4	4.5	364	55.6	0.61	-0.11	0.38	0	450	59.5	0.61	622	160	25.6
5911	Cuarny	47.3	7.4	1.8	216	52.1	0.71	-0.23	-0.4	0	260	63.7	1.01	828	107	24.5
5912	Démoret	28.8	7.3	7.8	123	39.8	0.5	-0.42	-0.23	14.3	457	82.3	0	691	0	0
5913	Donneloye	85	9.8	2.8	765	65.6	0.55	0.31	1.36	0	356	71.7	0	637	196	8.2
5914	Ependes	71.4	15.4	2.8	345	65.1	0.54	0.21	0.22	0	455	51.7	0	605	115	87.5
5915	Essert-Pittet	59.4	19.5	0	164	69.1	0.77	-0.3	0.85	0	401	54.1	0	623	93	80
5919	Mathod	88.2	12.2	2.5	581	60.1	0.56	0.37	1.88	5.66	233	83.9	0	585	125	23.6
5921	Molondin	40.8	16.1	10	224	75	1.17	-0.55	0.96	0	339	53	0	667	317	21.9
5922	Montagny-près-Yverdon	203	13.7	1.3	713	62.8	0.38	1.13	1.65	4.3	382	60.3	0	1266	108	245
5923	Oppens	50.7	26.4	1.8	182	46.8	0.61	0.22	0.3	0	433	70.9	2.35	710	125	50.8
5924	Orges	68.4	14.5	3.4	275	53.6	0.74	-0.1	2.57	0	178	72.6	1.54	686	181	14.5
5925	Orzens	50.2	9.5	5.6	211	71.5	0.67	-0.2	0.25	0	512	51.9	0	690	152	25.3
5926	Pomy	130	10.3	3	730	72.2	0.61	0.31	2.57	0	319	101	0	567	143	44.8
5928	Rovray	55	7.4	4.2	176	72.5	0.78	-0.23	1.04	0	321	103	0	552	106	18.3
5929	Suchy	81.4	14	2.1	542	61.8	0.58	0.12	2.27	0	294	61.2	0.44	606	144	17.1
5930	Suscévaz	48	11.1	2.8	199	76.1	0.71	-0.07	0.56	11.1	443	70.5	0	588	168	25.1
5931	Treycovagnes	222	13.9	1.3	462	47.1	0.56	1.75	-0.13	0	285	44.8	0.52	671	233	42.3
5932	Ursins	61.8	12.6	2	207	61.7	0.83	-0.12	1.91	0	264	70.2	0	625	0	9.6
5933	Valeyres-sous-Montagny	290	14.2	0.9	661	63.6	0.59	2.32	2.06	4.35	254	66.7	0	634	119	54.6
5934	Valeyres-sous-Ursins	85.1	6.1	3.9	245	76.3	0.89	0.25	2.41	0	277	90.6	0	544	250	12.4
5935	Villars-Epeney	105	6.7	5.1	90	38.5	ND	-0.04	4.62	0	323	91.7	5.41	708	0	11.2
5937	Vugelles-La Mothe	44	14.8	3.3	135	66.7	0.67	-0.92	1.94	0	209	34.7	0	599	474	51.1
5938	Yverdon-les-Bains	2168	37	26	29308	63.9	0.53	1.25	1.62	3.33	513	55	0.42	486	165	100
5939	Yvonand	235	14.5	4.7	3152	66.7	0.58	1.06	1.27	0.78	358	39.1	0.58	547	155	70.6
